time,altitude,latitude,longitude,velocity,temperature,pressure,wind_speed,wind_direction,acceleration,descent_rate,parachute_deployed
0,0.0,12.971613,77.59461,0.33,28.57,911.97,7.76,249.52,65.57,0.0,0
1,33.94,12.971623,77.594614,67.57,28.24,908.45,8.19,249.1,67.73,0.0,0
2,134.97,12.971633,77.594618,133.32,27.55,898.25,7.56,248.2,62.61,0.0,0
3,298.1,12.971642,77.594621,190.83,26.6,881.25,7.34,248.43,51.8,0.0,0
4,510.72,12.971652,77.594626,216.16,25.03,860.53,8.05,247.91,-57.32,0.0,0
5,701.84,12.971663,77.59463,169.43,24.16,841.76,8.78,248.21,-38.34,0.0,0
6,853.99,12.971674,77.594634,136.73,22.87,827.2,8.56,250.32,-28.05,0.0,0
7,977.79,12.971686,77.594638,112.02,22.05,815.37,9.01,252.1,-21.88,0.0,0
8,1079.57,12.971698,77.594643,92.28,21.48,805.66,9.76,249.32,-17.9,0.0,0
9,1163.35,12.97171,77.594647,75.81,20.97,797.69,9.05,251.02,-15.22,0.0,0
10,1231.79,12.971723,77.594651,61.54,20.61,791.31,10.02,252.88,-13.4,0.0,0
11,1286.72,12.971735,77.594655,48.79,20.06,786.37,9.45,250.77,-12.14,0.0,0
12,1329.58,12.971747,77.594659,37.23,20.06,782.35,10.14,250.75,-11.26,0.0,0
13,1361.54,12.971761,77.594663,26.54,19.86,779.62,9.71,252.48,-10.63,0.0,0
14,1383.48,12.971774,77.594668,16.41,19.38,777.82,10.1,252.99,-10.05,0.0,0
15,1394.88,12.971786,77.594672,6.48,19.36,776.81,9.55,251.01,-9.85,0.0,0
16,1396.43,12.97186,77.594695,3.29,19.55,776.98,9.96,253.38,-9.38,3.29,1
17,1389.04,12.971934,77.594716,10.73,19.53,777.25,10.12,254.07,-5.19,10.73,1
18,1376.36,12.972,77.594736,14.05,19.55,778.84,8.91,253.48,-1.86,14.05,1
19,1361.66,12.972072,77.594762,15.14,19.66,779.8,9.97,250.78,-0.56,15.14,1
20,1346.33,12.972149,77.594787,15.45,19.72,781.33,10.5,252.34,-0.15,15.45,1
21,1330.83,12.972225,77.59481,15.53,19.73,782.57,10.24,253.26,-0.03,15.53,1
22,1315.3,12.972297,77.594833,15.53,20.0,784.09,9.45,252.88,0.0,15.53,1
23,1299.77,12.97237,77.594857,15.52,19.98,785.4,9.66,252.01,0.0,15.52,1
24,1284.27,12.97244,77.594879,15.49,19.96,786.53,9.52,253.3,0.01,15.49,1
25,1268.79,12.972517,77.594903,15.47,20.31,787.97,10.05,251.68,0.01,15.47,1
26,1253.33,12.972591,77.594928,15.45,20.26,789.26,9.75,252.28,0.01,15.45,1
27,1237.9,12.972667,77.594951,15.42,20.57,790.62,9.77,252.02,0.01,15.42,1
28,1222.49,12.972741,77.594975,15.4,20.67,792.21,9.61,250.7,0.01,15.4,1
29,1207.1,12.97281,77.594998,15.38,20.55,793.68,8.81,251.05,0.01,15.38,1
30,1191.73,12.97288,77.59502,15.36,20.73,795.07,9.08,249.52,0.01,15.36,1
31,1176.39,12.972948,77.595043,15.33,20.87,796.34,9.09,249.46,0.01,15.33,1
32,1161.08,12.973024,77.595066,15.3,21.05,798.11,9.66,247.93,0.01,15.3,1
33,1145.79,12.973099,77.59509,15.28,21.19,799.3,9.59,247.16,0.01,15.28,1
34,1130.53,12.973167,77.595111,15.25,21.32,800.75,8.87,249.46,0.01,15.25,1
35,1115.3,12.973238,77.595133,15.23,21.05,802.26,9.15,247.66,0.01,15.23,1
36,1100.08,12.973307,77.595155,15.2,21.21,803.62,8.96,246.3,0.01,15.2,1
37,1084.9,12.973379,77.595179,15.17,21.43,805.12,9.36,247.95,0.01,15.17,1
38,1069.75,12.973456,77.595204,15.15,21.42,806.49,9.85,248.8,0.01,15.15,1
39,1054.61,12.97353,77.595229,15.12,21.72,808.21,9.45,248.71,0.01,15.12,1
40,1039.51,12.973602,77.595253,15.09,21.68,809.52,9.39,249.07,0.01,15.09,1
41,1024.43,12.97368,77.595279,15.07,21.76,811.23,9.89,248.14,0.01,15.07,1
42,1009.38,12.973748,77.595302,15.04,22.07,812.56,9.0,248.74,0.01,15.04,1
43,994.36,12.973819,77.595325,15.02,21.84,813.91,9.02,249.49,0.01,15.02,1
44,979.35,12.973887,77.595349,14.99,22.13,815.1,8.71,250.31,0.01,14.99,1
45,964.38,12.973956,77.595373,14.96,22.25,816.64,8.81,250.38,0.01,14.96,1
46,949.43,12.974026,77.595396,14.94,22.42,818.15,8.96,251.36,0.01,14.94,1
47,934.5,12.974097,77.59542,14.91,22.46,819.33,9.15,251.93,0.01,14.91,1
48,919.61,12.97417,77.595444,14.88,22.45,821.14,9.45,250.93,0.01,14.88,1
49,904.74,12.974241,77.595467,14.86,22.5,822.48,8.98,251.9,0.01,14.86,1
50,889.89,12.974312,77.59549,14.83,22.75,823.95,8.88,253.51,0.01,14.83,1
51,875.08,12.974378,77.595511,14.8,22.84,825.26,8.5,252.12,0.01,14.8,1
52,860.29,12.974447,77.595533,14.78,22.95,826.96,8.7,252.93,0.01,14.78,1
53,845.52,12.974513,77.595553,14.75,23.11,828.17,8.28,254.26,0.01,14.75,1
54,830.79,12.974581,77.595574,14.73,23.01,829.8,8.65,253.07,0.01,14.73,1
55,816.08,12.974649,77.595595,14.7,23.23,831.05,8.52,253.25,0.01,14.7,1
56,801.39,12.974716,77.595615,14.67,23.44,832.32,8.44,254.45,0.01,14.67,1
57,786.73,12.974786,77.595637,14.65,23.26,833.91,8.69,252.54,0.01,14.65,1
58,772.1,12.974852,77.595657,14.62,23.63,835.37,8.37,253.9,0.01,14.62,1
59,757.5,12.974917,77.595678,14.6,23.51,836.57,8.08,252.61,0.01,14.6,1
60,742.91,12.974984,77.595697,14.57,23.55,837.98,8.31,254.67,0.01,14.57,1
61,728.36,12.975052,77.595719,14.54,23.82,839.69,8.68,253.48,0.01,14.54,1
62,713.83,12.975118,77.59574,14.52,23.77,841.0,8.47,252.34,0.01,14.52,1
63,699.33,12.975184,77.595761,14.49,24.08,842.14,8.19,254.11,0.01,14.49,1
64,684.85,12.97525,77.595782,14.47,23.95,843.51,8.33,253.81,0.01,14.47,1
65,670.39,12.975317,77.595803,14.44,24.16,845.0,8.4,254.08,0.01,14.44,1
66,655.97,12.975385,77.595825,14.42,24.3,846.3,8.73,253.22,0.01,14.42,1
67,641.56,12.97545,77.595847,14.39,24.23,847.78,8.18,254.08,0.01,14.39,1
68,627.19,12.975516,77.595868,14.37,24.34,849.27,8.28,254.34,0.01,14.37,1
69,612.83,12.975583,77.59589,14.34,24.38,850.59,8.43,253.8,0.01,14.34,1
70,598.51,12.97565,77.595912,14.32,24.51,852.18,8.44,254.12,0.01,14.32,1
71,584.2,12.975713,77.595932,14.29,24.81,853.48,8.2,253.51,0.01,14.29,1
72,569.93,12.975775,77.595952,14.27,24.63,854.74,7.84,253.52,0.01,14.27,1
73,555.67,12.975836,77.595972,14.24,24.88,856.27,7.8,253.83,0.01,14.24,1
74,541.45,12.9759,77.595992,14.22,25.04,857.73,8.02,254.02,0.01,14.22,1
75,527.24,12.975962,77.596013,14.2,25.04,859.18,7.99,253.3,0.01,14.2,1
76,513.06,12.976023,77.596033,14.17,25.32,860.54,7.74,254.1,0.01,14.17,1
77,498.9,12.976085,77.596053,14.15,25.26,861.9,7.88,254.01,0.01,14.15,1
78,484.77,12.976146,77.596073,14.12,25.13,863.34,7.87,253.86,0.01,14.12,1
79,470.66,12.976208,77.596094,14.1,25.43,864.71,7.93,253.81,0.01,14.1,1
80,456.57,12.976269,77.596115,14.07,25.54,866.2,7.76,253.87,0.01,14.07,1
81,442.52,12.976329,77.596135,14.05,25.49,867.76,7.57,253.47,0.01,14.05,1
82,428.48,12.97639,77.596155,14.03,25.68,869.2,7.77,253.79,0.01,14.03,1
83,414.46,12.976451,77.596176,14.0,25.74,870.36,7.7,253.73,0.01,14.0,1
84,400.48,12.976512,77.596196,13.98,26.04,871.95,7.79,253.53,0.01,13.98,1
85,386.51,12.976572,77.596216,13.95,25.86,873.34,7.74,252.88,0.01,13.95,1
86,372.58,12.976632,77.596236,13.93,26.02,874.77,7.74,252.92,0.01,13.93,1
87,358.66,12.976692,77.596256,13.91,26.04,876.12,7.66,252.48,0.01,13.91,1
88,344.77,12.976751,77.596276,13.88,26.24,877.67,7.44,252.66,0.01,13.88,1
89,330.9,12.976809,77.596296,13.86,26.54,878.89,7.49,252.33,0.01,13.86,1
90,317.06,12.976867,77.596316,13.84,26.39,880.4,7.41,252.11,0.01,13.84,1
91,303.24,12.976925,77.596336,13.81,26.47,881.9,7.47,252.05,0.01,13.81,1
92,289.44,12.976982,77.596356,13.79,26.65,883.3,7.29,252.09,0.01,13.79,1
93,275.67,12.977038,77.596376,13.77,26.83,884.58,7.25,251.78,0.01,13.77,1
94,261.92,12.977093,77.596395,13.74,26.85,886.1,7.03,251.52,0.01,13.74,1
95,248.19,12.977148,77.596415,13.72,26.96,887.42,6.97,251.54,0.01,13.72,1
96,234.48,12.977202,77.596434,13.7,27.13,888.75,6.89,251.27,0.01,13.7,1
97,220.8,12.977256,77.596453,13.68,26.88,890.15,6.96,251.13,0.01,13.68,1
98,207.13,12.97731,77.596472,13.65,27.31,891.6,6.96,250.79,0.01,13.65,1
99,193.5,12.977364,77.596492,13.63,27.25,892.93,6.82,250.62,0.01,13.63,1
100,179.88,12.977416,77.596511,13.61,27.19,894.49,6.71,250.31,0.01,13.61,1
101,166.29,12.977469,77.596531,13.58,27.56,895.82,6.72,250.11,0.01,13.58,1
102,152.72,12.977521,77.59655,13.56,27.38,897.16,6.67,249.9,0.01,13.56,1
103,139.17,12.977573,77.596569,13.54,27.42,898.71,6.59,249.77,0.01,13.54,1
104,125.64,12.977624,77.596588,13.52,27.65,900.08,6.55,249.52,0.01,13.52,1
105,71.0,12.97744,77.597003,14.46,28.35,905.04,7.53,252.26,0.01,14.46,1
106,56.56,12.977492,77.59702,14.44,28.23,906.45,7.22,252.21,0.01,14.44,1
107,42.12,12.977544,77.597039,14.43,28.38,907.31,7.1,249.72,0.01,14.43,1
108,27.69,12.977603,77.597059,14.42,28.28,909.29,8.15,252.04,0.01,14.42,1
109,13.28,12.977653,77.597076,14.41,28.66,910.35,6.84,252.11,0.01,14.41,1
110,0.0,12.977653,77.597076,0.0,28.52,911.99,6.67,252.25,0.0,0.0,1
111,0.0,12.977653,77.597076,0.0,28.43,912.13,7.65,251.55,0.0,0.0,1
112,0.0,12.977653,77.597076,0.0,28.47,911.79,7.47,253.58,0.0,0.0,1
113,0.0,12.977653,77.597076,0.0,28.45,912.1,7.29,251.95,0.0,0.0,1
114,0.0,12.977653,77.597076,0.0,28.49,911.79,7.28,251.64,0.0,0.0,1
115,0.0,12.977653,77.597076,0.0,28.43,911.83,7.11,250.75,0.0,0.0,1
116,0.0,12.977653,77.597076,0.0,28.56,911.92,7.2,251.34,0.0,0.0,1
117,0.0,12.977653,77.597076,0.0,28.47,912.02,7.01,251.13,0.0,0.0,1
118,0.0,12.977653,77.597076,0.0,28.42,912.11,7.26,251.49,0.0,0.0,1
119,0.0,12.977653,77.597076,0.0,28.53,912.04,7.25,251.15,0.0,0.0,1
120,0.0,12.977653,77.597076,0.0,28.54,911.83,7.21,251.05,0.0,0.0,1